SMILES,G01,G02,G03,G04,T01,T02,T03,B01,B02,H01,Cyclic,H_298K_per_C
C([Pt])C,1,0,0,0,1,0,0,0,0,0,0,-13.37482617
C([Pt])([Pt])C,1,0,0,0,0,0,0,1,0,0,0,-8.40218166
C(C[Pt])[Pt],0,0,0,0,2,0,0,0,0,0,0,-11.57622684
C([Pt])([Pt])([Pt])C,1,0,0,0,0,0,0,0,0,1,0,-12.63604823
C(C[Pt])([Pt])[Pt],0,0,0,0,1,0,0,1,0,0,0,-6.13902393
C(C[Pt])([Pt])([Pt])[Pt],0,0,0,0,1,0,0,0,0,1,0,-3.476363855
C(C([Pt])[Pt])([Pt])[Pt],0,0,0,0,0,0,0,2,0,0,0,-0.978247609
C(C([Pt])[Pt])([Pt])([Pt])[Pt],0,0,0,0,0,0,0,1,0,1,0,11.71220767
C([Pt])(C)C,2,0,0,0,0,1,0,0,0,0,0,-12.36954921
C(C[Pt])C,1,1,0,0,1,0,0,0,0,0,0,-11.83511406
C([Pt])([Pt])(C)C,2,0,0,0,0,0,0,0,1,0,0,-9.152314727
C(C[Pt])([Pt])C,1,0,0,0,1,1,0,0,0,0,0,-11.20454472
C(CC)([Pt])[Pt],1,1,0,0,0,0,0,1,0,0,0,-7.732008337
C(CC[Pt])[Pt],0,1,0,0,2,0,0,0,0,0,0,-10.23252568
C(C[Pt])([Pt])([Pt])C,1,0,0,0,1,0,0,0,1,0,0,-8.463787877
C(C[Pt])(C[Pt])[Pt],0,0,0,0,2,1,0,0,0,0,0,-9.06835548
C(C([Pt])[Pt])([Pt])C,1,0,0,0,0,1,0,1,0,0,0,-7.826106957
C(CC[Pt])([Pt])[Pt],0,1,0,0,1,0,0,1,0,0,0,-6.088870517
C1(CC1)[Pt],0,2,0,0,0,1,0,0,0,0,1,0.867496169
C(CC)([Pt])([Pt])[Pt],1,1,0,0,0,0,0,0,0,1,0,-11.440203
C(C[Pt])(C[Pt])([Pt])[Pt],0,0,0,0,2,0,0,0,1,0,0,-4.196944313
C(CC([Pt])[Pt])([Pt])[Pt],0,1,0,0,0,0,0,2,0,0,0,-1.238713874
C(C(C[Pt])[Pt])([Pt])[Pt],0,0,0,0,1,1,0,1,0,0,0,-5.007842487
C(C([Pt])[Pt])([Pt])([Pt])C,1,0,0,0,0,0,0,1,1,0,0,-5.287777587
C(CC[Pt])([Pt])([Pt])[Pt],0,1,0,0,1,0,0,0,0,1,0,-4.604192377
C(C([Pt])C)([Pt])([Pt])[Pt],1,0,0,0,0,1,0,0,0,1,0,-6.549939943
C(C(C([Pt])[Pt])[Pt])([Pt])[Pt],0,0,0,0,0,1,0,2,0,0,0,-0.243489819
C(CC([Pt])[Pt])([Pt])([Pt])[Pt],0,1,0,0,0,0,0,1,0,1,0,2.390685108
C(C(C[Pt])[Pt])([Pt])([Pt])[Pt],0,0,0,0,1,1,0,0,0,1,0,-2.286534409
C(C([Pt])([Pt])[Pt])([Pt])([Pt])C,1,0,0,0,0,0,0,0,1,1,0,2.354833306
C1(C(C1[Pt])[Pt])[Pt],0,0,0,0,0,3,0,0,0,0,1,3.996418077
C(C([Pt])[Pt])(C[Pt])([Pt])[Pt],0,0,0,0,1,0,0,1,1,0,0,-1.023988444
C(CC([Pt])([Pt])[Pt])([Pt])([Pt])[Pt],0,1,0,0,0,0,0,0,0,2,0,8.421806333
C(C(C([Pt])[Pt])[Pt])([Pt])([Pt])[Pt],0,0,0,0,0,1,0,1,0,1,0,4.285005127
C(C(C[Pt])([Pt])[Pt])([Pt])([Pt])[Pt],0,0,0,0,1,0,0,0,1,1,0,7.378787947
C(C([Pt])[Pt])(C([Pt])[Pt])([Pt])[Pt],0,0,0,0,0,0,0,2,1,0,0,5.262020903
C(C(C([Pt])[Pt])([Pt])[Pt])([Pt])([Pt])[Pt],0,0,0,0,0,0,0,1,1,1,0,15.24429313
C(C(C([Pt])([Pt])[Pt])[Pt])([Pt])([Pt])[Pt],0,0,0,0,0,1,0,0,0,2,0,11.15435336
C(C(C([Pt])([Pt])[Pt])([Pt])[Pt])([Pt])([Pt])[Pt],0,0,0,0,0,0,0,0,1,2,0,23.41416781
C(CC)([Pt])([Pt])C,2,1,0,0,0,0,0,0,1,0,0,-7.278966523
C(CC)(C[Pt])[Pt],1,1,0,0,1,1,0,0,0,0,0,-10.45432366
C(CCC[Pt])[Pt],0,2,0,0,2,0,0,0,0,0,0,-9.074622623
C(C([Pt])C)([Pt])([Pt])C,2,0,0,0,0,1,0,0,1,0,0,-9.0079946
C(C[Pt])(CC[Pt])[Pt],0,1,0,0,2,1,0,0,0,0,0,-8.891821535
C(CC[Pt])([Pt])([Pt])C,1,1,0,0,1,0,0,0,1,0,0,-7.089452935
C(C(C[Pt])[Pt])([Pt])C,1,0,0,0,1,2,0,0,0,0,0,-9.387759863
C(CC([Pt])[Pt])([Pt])C,1,1,0,0,0,1,0,1,0,0,0,-7.20576511
C(C(CC)[Pt])([Pt])[Pt],1,1,0,0,0,1,0,1,0,0,0,-8.20042237
C(C[Pt])(C[Pt])C[Pt],0,0,1,0,3,0,0,0,0,0,0,-8.737038445
C1(CCC1)[Pt],0,3,0,0,0,1,0,0,0,0,1,-2.56487572
C(CCC[Pt])([Pt])[Pt],0,2,0,0,1,0,0,1,0,0,0,-6.404867048
C(CC([Pt])[Pt])([Pt])([Pt])C,1,1,0,0,0,0,0,1,1,0,0,-3.848991363
C(C([Pt])([Pt])C)([Pt])([Pt])C,2,0,0,0,0,0,0,0,2,0,0,-7.280283748
C(C(C[Pt])[Pt])([Pt])([Pt])C,1,0,0,0,1,1,0,0,1,0,0,-6.971833065
C(CC(C[Pt])[Pt])([Pt])[Pt],0,1,0,0,1,1,0,1,0,0,0,-6.289638873
C(C(CC[Pt])[Pt])([Pt])[Pt],0,1,0,0,1,1,0,1,0,0,0,-6.11036139
C(C(C[Pt])C[Pt])([Pt])[Pt],0,0,1,0,2,0,0,1,0,0,0,-2.662018983
C1(C(CC1)[Pt])[Pt],0,2,0,0,0,2,0,0,0,0,1,-1.72612383
C(C(C[Pt])[Pt])(C[Pt])[Pt],0,0,0,0,2,2,0,0,0,0,0,-8.652382988
C(CC([Pt])([Pt])[Pt])([Pt])([Pt])C,1,1,0,0,0,0,0,0,1,1,0,-1.360490822
C(CC(C[Pt])[Pt])([Pt])([Pt])[Pt],0,1,0,0,1,1,0,0,0,1,0,-4.783953463
C(CC(C([Pt])[Pt])[Pt])([Pt])[Pt],0,1,0,0,0,1,0,2,0,0,0,-2.93988217
C(C(C[Pt])[Pt])(C[Pt])([Pt])[Pt],0,0,0,0,2,1,0,0,1,0,0,-5.531686383
C(C(C[Pt])([Pt])[Pt])([Pt])([Pt])C,1,0,0,0,1,0,0,0,2,0,0,-4.28411453
C(CCC([Pt])([Pt])[Pt])([Pt])([Pt])[Pt],0,2,0,0,0,0,0,0,0,2,0,-3.886373455
C(CC(C([Pt])[Pt])[Pt])([Pt])([Pt])[Pt],0,1,0,0,0,1,0,1,0,1,0,-1.263285881
C(C(C(C[Pt])[Pt])[Pt])([Pt])([Pt])[Pt],0,0,0,0,1,2,0,0,0,1,0,-2.056245813
C(C(C([Pt])[Pt])([Pt])[Pt])([Pt])([Pt])C,1,0,0,0,0,0,0,1,2,0,0,0.442288617
C(C(C[Pt])([Pt])[Pt])(C[Pt])([Pt])[Pt],0,0,0,0,2,0,0,0,2,0,0,0.269280376
C(C([Pt])([Pt])[Pt])(C([Pt])([Pt])[Pt])([Pt])C,1,0,0,0,0,0,1,0,0,2,0,4.57693943
C(C(C(C([Pt])[Pt])[Pt])[Pt])([Pt])([Pt])[Pt],0,0,0,0,0,2,0,1,0,1,0,1.825673768
C(CC(C([Pt])([Pt])[Pt])[Pt])([Pt])([Pt])[Pt],0,1,0,0,0,1,0,0,0,2,0,1.024822854
C(C(C(C([Pt])[Pt])([Pt])[Pt])[Pt])([Pt])([Pt])[Pt],0,0,0,0,0,1,0,1,1,1,0,6.89274331
C(C(C(C([Pt])([Pt])[Pt])[Pt])[Pt])([Pt])([Pt])[Pt],0,0,0,0,0,2,0,0,0,2,0,3.385717228
C(C(C(C([Pt])[Pt])[Pt])([Pt])[Pt])([Pt])([Pt])[Pt],0,0,0,0,0,1,0,1,1,1,0,8.60758013
C(C(C([Pt])[Pt])([Pt])[Pt])(C([Pt])[Pt])([Pt])[Pt],0,0,0,0,0,0,0,2,2,0,0,9.247940135
C(C(C(C([Pt])[Pt])([Pt])[Pt])([Pt])[Pt])([Pt])([Pt])[Pt],0,0,0,0,0,0,0,1,2,1,0,16.05022679
C(C(C(C([Pt])([Pt])[Pt])([Pt])[Pt])[Pt])([Pt])([Pt])[Pt],0,0,0,0,0,1,0,0,1,2,0,13.66730723
C(C(C(C([Pt])([Pt])[Pt])([Pt])[Pt])([Pt])[Pt])([Pt])([Pt])[Pt],0,0,0,0,0,0,0,0,2,2,0,23.24009235
C(C(C([Pt])([Pt])[Pt])(C([Pt])([Pt])[Pt])[Pt])([Pt])([Pt])[Pt],0,0,0,0,0,0,1,0,0,3,0,23.386749
C1(CCCC1)[Pt],0,4,0,0,0,1,0,0,0,0,1,-7.378427332
C(C(CC[Pt])C)([Pt])[Pt],1,1,1,0,1,0,0,1,0,0,0,-6.6518294
C(C(C(C[Pt])[Pt])C)([Pt])[Pt],1,0,1,0,1,1,0,1,0,0,0,-6.902379034
C(C[Pt])(CC([Pt])C)([Pt])[Pt],1,1,0,0,1,1,0,0,1,0,0,-7.348939364
C1(C(CCC1)[Pt])[Pt],0,3,0,0,0,2,0,0,0,0,1,-7.368519256
C(C(C(C[Pt])[Pt])[Pt])([Pt])C,1,0,0,0,1,3,0,0,0,0,0,-9.072657552
C(C(C([Pt])[Pt])CC[Pt])([Pt])[Pt],0,1,1,0,1,0,0,2,0,0,0,-0.549627222
C(C(C(C[Pt])C[Pt])[Pt])([Pt])[Pt],0,0,1,0,2,1,0,1,0,0,0,-4.386443316
C(C(C(C[Pt])[Pt])[Pt])(C[Pt])[Pt],0,0,0,0,2,3,0,0,0,0,0,-6.697576226
C1(C(C(CC1)[Pt])[Pt])[Pt],0,2,0,0,0,3,0,0,0,0,1,-5.126615018
C1(CC(C(C1)[Pt])[Pt])[Pt],0,2,0,0,0,3,0,0,0,0,1,-5.92300459
C1(C(CCC1)[Pt])([Pt])[Pt],0,3,0,0,0,1,0,0,1,0,1,-4.223292596
C(C(C(C([Pt])[Pt])[Pt])[Pt])([Pt])C,1,0,0,0,0,3,0,1,0,0,0,-6.358278304
C(C([Pt])C)(C(C[Pt])[Pt])([Pt])[Pt],1,0,0,0,1,2,0,0,1,0,0,-6.654051124
C(C([Pt])[Pt])(C([Pt])[Pt])(CC[Pt])[Pt],0,1,0,0,1,0,1,2,0,0,0,-1.328585181
C(C([Pt])[Pt])(C([Pt])[Pt])(C([Pt])[Pt])C,1,0,0,1,0,0,0,3,0,0,0,3.988792582
C(C([Pt])[Pt])(C(C([Pt])[Pt])[Pt])([Pt])C,1,0,0,0,0,1,1,2,0,0,0,-2.564575302
C(C([Pt])[Pt])(CCC([Pt])[Pt])([Pt])[Pt],0,2,0,0,0,0,0,2,1,0,0,-2.104261584
C1(C(CCC1)([Pt])[Pt])([Pt])[Pt],0,3,0,0,0,0,0,0,2,0,1,-3.536156402
C(C(C([Pt])[Pt])CC([Pt])[Pt])([Pt])([Pt])[Pt],0,1,1,0,0,0,0,2,0,1,0,4.007667732
C(CC(C([Pt])([Pt])[Pt])C[Pt])([Pt])([Pt])[Pt],0,1,1,0,1,0,0,0,0,2,0,-1.11811704
C(C(C(C([Pt])[Pt])([Pt])[Pt])[Pt])([Pt])([Pt])C,1,0,0,0,0,1,0,1,2,0,0,-0.451515643
C(C(C(C[Pt])([Pt])[Pt])([Pt])[Pt])([Pt])([Pt])C,1,0,0,0,1,0,0,0,3,0,0,0.443170846
C(C(C(C([Pt])C)([Pt])[Pt])[Pt])([Pt])([Pt])[Pt],1,0,0,0,0,2,0,0,1,1,0,-0.67101517
C(CC(C(C([Pt])[Pt])([Pt])[Pt])[Pt])([Pt])([Pt])[Pt],0,1,0,0,0,1,0,1,1,1,0,1.002717775
C(C(C(CC([Pt])[Pt])([Pt])[Pt])[Pt])([Pt])([Pt])[Pt],0,1,0,0,0,1,0,1,1,1,0,2.108977426
C(C(C(C([Pt])[Pt])C([Pt])[Pt])[Pt])([Pt])([Pt])[Pt],0,0,1,0,0,1,0,2,0,1,0,5.950480372
C(C(C(C(C[Pt])[Pt])([Pt])[Pt])[Pt])([Pt])([Pt])[Pt],0,0,0,0,1,2,0,0,1,1,0,0.451414821
C(C(C(C([Pt])[Pt])([Pt])[Pt])[Pt])(C[Pt])([Pt])[Pt],0,0,0,0,1,1,0,1,2,0,0,2.12848402
C1(C(C(C(C1[Pt])[Pt])[Pt])[Pt])([Pt])[Pt],0,0,0,0,0,4,0,0,1,0,1,1.611785864
C1(C(C(CC1[Pt])[Pt])([Pt])[Pt])([Pt])[Pt],0,1,0,0,0,2,0,0,2,0,1,3.784372688
C1(C(C(CC1)([Pt])[Pt])([Pt])[Pt])([Pt])[Pt],0,2,0,0,0,0,0,0,3,0,1,6.012788934
C(C(C([Pt])[Pt])(C(C([Pt])[Pt])[Pt])[Pt])([Pt])([Pt])[Pt],0,0,0,0,0,1,1,2,0,1,0,6.950791112
C(C(C(C(C([Pt])[Pt])[Pt])[Pt])([Pt])[Pt])([Pt])([Pt])[Pt],0,0,0,0,0,2,0,1,1,1,0,6.675480718
C(CC(C(C([Pt])([Pt])[Pt])([Pt])[Pt])[Pt])([Pt])([Pt])[Pt],0,1,0,0,0,1,0,0,1,2,0,4.737066834
C(C(CC(C([Pt])([Pt])[Pt])([Pt])[Pt])[Pt])([Pt])([Pt])[Pt],0,1,0,0,0,1,0,0,1,2,0,5.297181938
C(C(C(C(C([Pt])([Pt])[Pt])[Pt])[Pt])[Pt])([Pt])([Pt])[Pt],0,0,0,0,0,3,0,0,0,2,0,3.746701094
C(C(C(C(C([Pt])[Pt])([Pt])[Pt])[Pt])[Pt])([Pt])([Pt])[Pt],0,0,0,0,0,2,0,1,1,1,0,1.793322029
C1(C(C(C(C1[Pt])[Pt])[Pt])([Pt])[Pt])([Pt])[Pt],0,0,0,0,0,3,0,0,2,0,1,6.410413228
C1(C(C(C(C1[Pt])([Pt])[Pt])[Pt])[Pt])([Pt])[Pt],0,0,0,0,0,3,0,0,2,0,1,8.64911365
C1(C(C(C(C1)[Pt])([Pt])[Pt])([Pt])[Pt])([Pt])[Pt],0,1,0,0,0,1,0,0,3,0,1,10.31938114
C(C(C(C(C([Pt])([Pt])[Pt])([Pt])[Pt])[Pt])[Pt])([Pt])([Pt])[Pt],0,0,0,0,0,2,0,0,1,2,0,6.757176564
C(C(C(C(C([Pt])([Pt])[Pt])[Pt])([Pt])[Pt])[Pt])([Pt])([Pt])[Pt],0,0,0,0,0,2,0,0,1,2,0,7.694638474
C(C(C(C(C([Pt])[Pt])([Pt])[Pt])([Pt])[Pt])[Pt])([Pt])([Pt])[Pt],0,0,0,0,0,1,0,1,2,1,0,9.84535472
C(C(C(C([Pt])[Pt])([Pt])[Pt])([Pt])[Pt])(C([Pt])[Pt])([Pt])[Pt],0,0,0,0,0,0,0,2,3,0,0,11.90104501
C(C(C(C(C([Pt])[Pt])([Pt])[Pt])([Pt])[Pt])([Pt])[Pt])([Pt])([Pt])[Pt],0,0,0,0,0,0,0,1,3,1,0,16.1648366
C(C(C(C(C([Pt])([Pt])[Pt])([Pt])[Pt])([Pt])[Pt])([Pt])[Pt])([Pt])([Pt])[Pt],0,0,0,0,0,0,0,0,3,2,0,19.9114061
C(C(C([Pt])([Pt])[Pt])(C(C([Pt])([Pt])[Pt])([Pt])[Pt])[Pt])([Pt])([Pt])[Pt],0,0,0,0,0,0,1,0,1,3,0,24.18152732
C(CC)(CC)([Pt])C,3,2,0,0,0,0,1,0,0,0,0,-8.84989859
C(C([Pt])[Pt])(CC)(C[Pt])C,2,1,0,1,1,0,0,1,0,0,0,-7.31442992
C(C(CC[Pt])C)([Pt])([Pt])C,2,1,1,0,1,0,0,0,1,0,0,-6.565942057
C1(CCCCC1)[Pt],0,5,0,0,0,1,0,0,0,0,1,-8.402592697
C1(C(CCCC1)[Pt])[Pt],0,4,0,0,0,2,0,0,0,0,1,-7.075956385
C(C(CC)C[Pt])(C[Pt])([Pt])[Pt],1,1,1,0,2,0,0,0,1,0,0,-4.223676603
C(C(CC([Pt])[Pt])C)([Pt])([Pt])C,2,1,1,0,0,0,0,1,1,0,0,-3.217144473
C1(CCC(C[Pt])C1)[Pt],0,3,1,0,1,1,0,0,0,0,1,-6.601637048
C1(CCCCC1)([Pt])[Pt],0,5,0,0,0,0,0,0,1,0,1,-5.974342807
C(C(C[Pt])([Pt])[Pt])(CC[Pt])([Pt])C,1,1,0,0,2,0,1,0,1,0,0,-5.735645337
C1(C(C(CCC1)[Pt])[Pt])[Pt],0,3,0,0,0,3,0,0,0,0,1,-7.791889528
C1(CCC(C(C1)[Pt])[Pt])[Pt],0,3,0,0,0,3,0,0,0,0,1,-6.667864183
C(C([Pt])[Pt])(C(C([Pt])C)C[Pt])([Pt])[Pt],1,0,1,0,1,1,0,1,1,0,0,-1.692870877
C(C(C(C(C[Pt])[Pt])[Pt])[Pt])(C[Pt])[Pt],0,0,0,0,2,4,0,0,0,0,0,-6.588993602
C1(C(CCCC1)([Pt])[Pt])([Pt])[Pt],0,4,0,0,0,0,0,0,2,0,1,-4.963841117
C(C(C(C(C([Pt])[Pt])[Pt])[Pt])[Pt])([Pt])C,1,0,0,0,0,4,0,1,0,0,0,-5.431781473
C(CC(CC(C[Pt])[Pt])([Pt])[Pt])([Pt])([Pt])[Pt],0,2,0,0,1,1,0,0,1,1,0,-1.7085797
C(C(C([Pt])[Pt])[Pt])(C(C([Pt])C)[Pt])([Pt])[Pt],1,0,0,0,0,3,0,1,1,0,0,-3.629752932
C(C(C(C(C(C[Pt])[Pt])[Pt])[Pt])[Pt])([Pt])[Pt],0,0,0,0,1,4,0,1,0,0,0,-3.86859638
C(C(C[Pt])[Pt])(C(C(C[Pt])[Pt])[Pt])([Pt])[Pt],0,0,0,0,2,3,0,0,1,0,0,-4.059308742
C(C(C(C([Pt])([Pt])[Pt])C[Pt])([Pt])[Pt])([Pt])([Pt])C,1,0,1,0,1,0,0,0,2,1,0,2.383673532
C(C(C[Pt])([Pt])[Pt])(CC(C([Pt])[Pt])[Pt])([Pt])[Pt],0,1,0,0,1,1,0,1,2,0,0,-0.75357434
C(C([Pt])[Pt])(C(C(C([Pt])C)([Pt])[Pt])[Pt])([Pt])[Pt],1,0,0,0,0,2,0,1,2,0,0,-1.099803955
C(C(C(C(C[Pt])[Pt])([Pt])[Pt])([Pt])[Pt])([Pt])([Pt])C,1,0,0,0,1,1,0,0,3,0,0,0.419457722
C(C(C(C(C[Pt])[Pt])([Pt])[Pt])[Pt])(C[Pt])([Pt])[Pt],0,0,0,0,2,2,0,0,2,0,0,-0.790387117
C(C([Pt])[Pt])(C(C(C([Pt])[Pt])C([Pt])[Pt])[Pt])([Pt])[Pt],0,0,1,0,0,1,0,3,1,0,0,5.797136777
C(C(C(C([Pt])[Pt])(C[Pt])[Pt])C([Pt])[Pt])([Pt])([Pt])[Pt],0,0,1,0,1,0,1,2,0,1,0,5.997291013
C(C(C(C(C([Pt])([Pt])[Pt])[Pt])([Pt])[Pt])[Pt])([Pt])([Pt])C,1,0,0,0,0,2,0,0,2,1,0,1.147548453
C(C(C(C(C([Pt])[Pt])([Pt])[Pt])[Pt])([Pt])[Pt])([Pt])([Pt])C,1,0,0,0,0,1,0,1,3,0,0,1.353809538
C(C(C[Pt])[Pt])(C(C(C([Pt])[Pt])([Pt])[Pt])[Pt])([Pt])[Pt],0,0,0,0,1,2,0,1,2,0,0,0.585206375
C(C(C(C(C([Pt])[Pt])[Pt])([Pt])[Pt])[Pt])(C[Pt])([Pt])[Pt],0,0,0,0,1,2,0,1,2,0,0,0.259121136
C(C(C(C([Pt])([Pt])[Pt])(CC([Pt])[Pt])[Pt])[Pt])([Pt])([Pt])[Pt],0,1,0,0,0,1,1,1,0,2,0,4.359691935
C(CC(C(C(C([Pt])([Pt])[Pt])([Pt])[Pt])([Pt])[Pt])[Pt])([Pt])([Pt])[Pt],0,1,0,0,0,1,0,0,2,2,0,9.376261333
C(C(C(C(C(C([Pt])[Pt])([Pt])[Pt])[Pt])[Pt])([Pt])[Pt])([Pt])([Pt])[Pt],0,0,0,0,0,2,0,1,2,1,0,4.933084222
C(C(C(C(C(C([Pt])([Pt])[Pt])([Pt])[Pt])[Pt])[Pt])[Pt])([Pt])([Pt])[Pt],0,0,0,0,0,3,0,0,1,2,0,3.642099878
C(C(C(CC(C([Pt])([Pt])[Pt])([Pt])[Pt])[Pt])([Pt])[Pt])([Pt])([Pt])[Pt],0,1,0,0,0,1,0,0,2,2,0,7.392355707
C1(C(C(C(C(C1[Pt])([Pt])[Pt])[Pt])([Pt])[Pt])[Pt])([Pt])[Pt],0,0,0,0,0,3,0,0,3,0,1,12.99425187
C1(C(C(C(C(C1[Pt])([Pt])[Pt])([Pt])[Pt])[Pt])[Pt])([Pt])[Pt],0,0,0,0,0,3,0,0,3,0,1,10.31391051
C1(C(C(C(C(C1)([Pt])[Pt])([Pt])[Pt])[Pt])([Pt])[Pt])([Pt])[Pt],0,1,0,0,0,1,0,0,4,0,1,9.704115448
C(C(C([Pt])([Pt])[Pt])(C(C(C([Pt])[Pt])([Pt])[Pt])[Pt])[Pt])([Pt])([Pt])[Pt],0,0,0,0,0,1,1,1,1,2,0,11.82819119
C(C(C(C(C(C([Pt])([Pt])[Pt])([Pt])[Pt])([Pt])[Pt])[Pt])[Pt])([Pt])([Pt])[Pt],0,0,0,0,0,2,0,0,2,2,0,8.251859742
C(C(C(C(C(C([Pt])([Pt])[Pt])([Pt])[Pt])[Pt])([Pt])[Pt])[Pt])([Pt])([Pt])[Pt],0,0,0,0,0,2,0,0,2,2,0,9.672476172
C(C(C(C(C(C([Pt])([Pt])[Pt])[Pt])([Pt])[Pt])([Pt])[Pt])[Pt])([Pt])([Pt])[Pt],0,0,0,0,0,2,0,0,2,2,0,9.747795737
C(C(C(C(C(C([Pt])([Pt])[Pt])([Pt])[Pt])[Pt])[Pt])([Pt])[Pt])([Pt])([Pt])[Pt],0,0,0,0,0,2,0,0,2,2,0,7.878626577
C(C(C([Pt])([Pt])[Pt])(C(C(C([Pt])[Pt])([Pt])[Pt])([Pt])[Pt])[Pt])([Pt])([Pt])[Pt],0,0,0,0,0,0,1,1,2,2,0,18.76438512
C(C(C(C(C(C([Pt])[Pt])([Pt])[Pt])([Pt])[Pt])([Pt])[Pt])([Pt])[Pt])([Pt])([Pt])[Pt],0,0,0,0,0,0,0,1,4,1,0,15.86278457
C1(C(C(C(C(C1[Pt])([Pt])[Pt])([Pt])[Pt])([Pt])[Pt])([Pt])[Pt])([Pt])[Pt],0,0,0,0,0,1,0,0,5,0,1,16.1944166
C(C(C(C(C(C([Pt])([Pt])[Pt])([Pt])[Pt])([Pt])[Pt])([Pt])[Pt])([Pt])[Pt])([Pt])([Pt])[Pt],0,0,0,0,0,0,0,0,4,2,0,18.58709198
C1(C(C(C(C(C1([Pt])[Pt])([Pt])[Pt])([Pt])[Pt])([Pt])[Pt])([Pt])[Pt])([Pt])[Pt],0,0,0,0,0,0,0,0,6,0,1,20.48229965
C(C(C([Pt])([Pt])[Pt])(C(C([Pt])([Pt])[Pt])(C([Pt])([Pt])[Pt])[Pt])[Pt])([Pt])([Pt])[Pt],0,0,0,0,0,0,2,0,0,4,0,23.02122508
C(CCCC[Pt])C,1,4,0,0,1,0,0,0,0,0,0,-10.60990979
C(CC)(CCC)[Pt],2,3,0,0,0,1,0,0,0,0,0,-9.692087427
C(CCCC)([Pt])C,2,3,0,0,0,1,0,0,0,0,0,-10.38676311
C(CC[Pt])(CCC)[Pt],1,3,0,0,1,1,0,0,0,0,0,-8.985466707
C(CCC(C[Pt])[Pt])C,1,3,0,0,1,1,0,0,0,0,0,-7.409685125
C(CC(CC)[Pt])([Pt])C,2,2,0,0,0,2,0,0,0,0,0,-9.647047877
C(C(CCC)[Pt])([Pt])C,2,2,0,0,0,2,0,0,0,0,0,-8.262225613
C(C(CC)[Pt])(CC)[Pt],2,2,0,0,0,2,0,0,0,0,0,-8.292886533
C(CCCC)([Pt])([Pt])C,2,3,0,0,0,0,0,0,1,0,0,-7.584765158
C(CC)(CCC)([Pt])[Pt],2,3,0,0,0,0,0,0,1,0,0,-7.365578538
C(CC)(CCC[Pt])[Pt],1,3,0,0,1,1,0,0,0,0,0,-8.50681881
C(CCCCC[Pt])[Pt],0,4,0,0,2,0,0,0,0,0,0,-9.003789995
C(CCC([Pt])C)([Pt])C,2,2,0,0,0,2,0,0,0,0,0,-8.795524977
C(CCCCC)([Pt])([Pt])[Pt],1,4,0,0,0,0,0,0,0,1,0,-8.618119727
C(C(C[Pt])[Pt])(CCC)[Pt],1,2,0,0,1,2,0,0,0,0,0,-8.347296693
C(C[Pt])(CCCC)([Pt])[Pt],1,3,0,0,1,0,0,0,1,0,0,-7.615675275
C(C(C(CC)[Pt])[Pt])([Pt])C,2,1,0,0,0,3,0,0,0,0,0,-9.036265327
C(C([Pt])C)(CCC)([Pt])[Pt],2,2,0,0,0,1,0,0,1,0,0,-8.446868283
C(C(CCC)[Pt])([Pt])([Pt])C,2,2,0,0,0,1,0,0,1,0,0,-8.82167589
C(C(CC)[Pt])(CC)([Pt])[Pt],2,2,0,0,0,1,0,0,1,0,0,-8.848422885
C(CC(C([Pt])C)[Pt])([Pt])C,2,1,0,0,0,3,0,0,0,0,0,-9.343106682
C(C[Pt])(CC(CC)[Pt])[Pt],1,2,0,0,1,2,0,0,0,0,0,-8.624525503
C(C(CC)[Pt])(CC[Pt])[Pt],1,2,0,0,1,2,0,0,0,0,0,-8.68022679
C(CC(CCC)[Pt])([Pt])[Pt],1,3,0,0,0,1,0,1,0,0,0,-6.872361762
C(CC[Pt])(CCC)([Pt])[Pt],1,3,0,0,1,0,0,0,1,0,0,-7.543544278
C(CC(CC)[Pt])([Pt])([Pt])C,2,2,0,0,0,1,0,0,1,0,0,-7.43032341
C(CC)(CC([Pt])C)([Pt])[Pt],2,2,0,0,0,1,0,0,1,0,0,-7.87878396
C(CCC[Pt])(CC[Pt])[Pt],0,3,0,0,2,1,0,0,0,0,0,-8.015058888
C(C[Pt])(CCCC[Pt])[Pt],0,3,0,0,2,1,0,0,0,0,0,-7.42994466
C(CCC([Pt])C)([Pt])([Pt])C,2,2,0,0,0,1,0,0,1,0,0,-6.895608028
C(CC)(CCC[Pt])([Pt])[Pt],1,3,0,0,1,0,0,0,1,0,0,-6.61495553
C(CCC(CC)[Pt])([Pt])[Pt],1,3,0,0,0,1,0,1,0,0,0,-5.885583653
C(CCCCC[Pt])([Pt])[Pt],0,4,0,0,1,0,0,1,0,0,0,-5.100005237
C(C(CCCC)[Pt])([Pt])([Pt])[Pt],1,3,0,0,0,1,0,0,0,1,0,-6.336550188
C(C(CCC)([Pt])[Pt])([Pt])([Pt])C,2,2,0,0,0,0,0,0,2,0,0,-7.254475448
C(C(CC)([Pt])[Pt])(CC)([Pt])[Pt],2,2,0,0,0,0,0,0,2,0,0,-7.596293253
C(C([Pt])[Pt])(CCCC)([Pt])[Pt],1,3,0,0,0,0,0,1,1,0,0,-6.027417107
C(CCCCC[Pt])([Pt])([Pt])[Pt],0,4,0,0,1,0,0,0,0,1,0,-8.279232382
C(C(C(CC)[Pt])[Pt])([Pt])([Pt])C,2,1,0,0,0,2,0,0,1,0,0,-7.494369315
C(C(C[Pt])[Pt])(CCC)([Pt])[Pt],1,2,0,0,1,1,0,0,1,0,0,-7.000123065
C(C(C([Pt])C)[Pt])(CC)([Pt])[Pt],2,1,0,0,0,2,0,0,1,0,0,-7.680840165
C(C(C(CC)[Pt])[Pt])(C[Pt])[Pt],1,1,0,0,1,3,0,0,0,0,0,-7.864763383
C(CC(CCC)[Pt])([Pt])([Pt])[Pt],1,3,0,0,0,1,0,0,0,1,0,-5.853636165
C(C(C(CCC)[Pt])[Pt])([Pt])[Pt],1,2,0,0,0,2,0,1,0,0,0,-6.3417809
C(C([Pt])C)(CC([Pt])C)([Pt])[Pt],2,1,0,0,0,2,0,0,1,0,0,-7.858652973
C(C(C(C([Pt])C)[Pt])[Pt])([Pt])C,2,0,0,0,0,4,0,0,0,0,0,-8.288147287
C(C(CC)[Pt])(CC[Pt])([Pt])[Pt],1,2,0,0,1,1,0,0,1,0,0,-7.615120638
C(C[Pt])(CC(CC)[Pt])([Pt])[Pt],1,2,0,0,1,1,0,0,1,0,0,-7.071587538
C(CC(C(CC)[Pt])[Pt])([Pt])[Pt],1,2,0,0,0,2,0,1,0,0,0,-6.919931605
C(C([Pt])C)(C(CC)[Pt])([Pt])[Pt],2,1,0,0,0,2,0,0,1,0,0,-6.709339547
C(C(CCC)[Pt])(C[Pt])([Pt])[Pt],1,2,0,0,1,1,0,0,1,0,0,-6.15176202
C(CCC(CC[Pt])[Pt])([Pt])[Pt],0,3,0,0,1,1,0,1,0,0,0,-8.283193395
C(CC(C([Pt])C)[Pt])([Pt])([Pt])C,2,1,0,0,0,2,0,0,1,0,0,-7.522459468
C(CC[Pt])(CC(C[Pt])[Pt])[Pt],0,2,0,0,2,2,0,0,0,0,0,-7.994691608
C(CC)(CC(C[Pt])[Pt])([Pt])[Pt],1,2,0,0,1,1,0,0,1,0,0,-7.32088082
C(CCC(CC)[Pt])([Pt])([Pt])[Pt],1,3,0,0,0,1,0,0,0,1,0,-5.726162945
C(C(CC([Pt])C)[Pt])([Pt])([Pt])C,2,1,0,0,0,2,0,0,1,0,0,-7.103190648
C(C(CC[Pt])[Pt])(CC[Pt])[Pt],0,2,0,0,2,2,0,0,0,0,0,-7.743694578
C(C(CC[Pt])[Pt])(CC)([Pt])[Pt],1,2,0,0,1,1,0,0,1,0,0,-6.615921015
C(C([Pt])[Pt])(CC(CC)[Pt])[Pt],1,2,0,0,0,2,0,1,0,0,0,-5.836897053
C(CC(CC)([Pt])[Pt])([Pt])([Pt])C,2,2,0,0,0,0,0,0,2,0,0,-5.755984865
C(C(C[Pt])[Pt])(CCC[Pt])[Pt],0,2,0,0,2,2,0,0,0,0,0,-5.938314163
C(CC(CCC[Pt])[Pt])([Pt])[Pt],0,3,0,0,1,1,0,1,0,0,0,-5.991217412
C(CCC[Pt])(CC[Pt])([Pt])[Pt],0,3,0,0,2,0,0,0,1,0,0,-5.534476197
C(CCCC(C[Pt])[Pt])([Pt])[Pt],0,3,0,0,1,1,0,1,0,0,0,-5.099503762
C(CC)(CCC([Pt])[Pt])([Pt])[Pt],1,3,0,0,0,0,0,1,1,0,0,-4.74235875
C(CCC([Pt])([Pt])C)([Pt])([Pt])C,2,2,0,0,0,0,0,0,2,0,0,-4.274271618
C(CCCC(C[Pt])[Pt])([Pt])([Pt])[Pt],0,3,0,0,1,1,0,0,0,1,0,-8.08973543
C(CCC(CC[Pt])[Pt])([Pt])([Pt])[Pt],0,3,0,0,1,1,0,0,0,1,0,-7.1403337
C(C(C(C([Pt])C)[Pt])[Pt])([Pt])([Pt])C,2,0,0,0,0,3,0,0,1,0,0,-7.336911265
C(C(C(C[Pt])[Pt])[Pt])(CC)([Pt])[Pt],1,1,0,0,1,2,0,0,1,0,0,-6.998536497
C(C(C(CCC)[Pt])[Pt])([Pt])([Pt])[Pt],1,2,0,0,0,2,0,0,0,1,0,-5.066286487
C(C(C[Pt])([Pt])[Pt])(CCC)([Pt])[Pt],1,2,0,0,1,0,0,0,2,0,0,-5.129044372
C(C(C([Pt])C)([Pt])[Pt])(CC)([Pt])[Pt],2,1,0,0,0,1,0,0,2,0,0,-5.908067723
C(C(CC)([Pt])[Pt])(CC[Pt])([Pt])[Pt],1,2,0,0,1,0,0,0,2,0,0,-6.148694025
C(C(C(CC)[Pt])([Pt])[Pt])([Pt])([Pt])C,2,1,0,0,0,1,0,0,2,0,0,-5.784051485
C(C(C(C(CC)[Pt])[Pt])[Pt])([Pt])[Pt],1,1,0,0,0,3,0,1,0,0,0,-6.385313405
C(C(CC([Pt])C)([Pt])[Pt])([Pt])([Pt])C,2,1,0,0,0,1,0,0,2,0,0,-6.549148152
C(C([Pt])[Pt])(C(CCC)[Pt])([Pt])[Pt],1,2,0,0,0,1,0,1,1,0,0,-4.471167152
C(CC(C(CC)[Pt])[Pt])([Pt])([Pt])[Pt],1,2,0,0,0,2,0,0,0,1,0,-5.227163742
C(C[Pt])(CC(CC[Pt])[Pt])([Pt])[Pt],0,2,0,0,2,1,0,0,1,0,0,-6.583141283
C(C([Pt])[Pt])(CC(CC)[Pt])([Pt])[Pt],1,2,0,0,0,1,0,1,1,0,0,-5.291830363
C(CCC(CC)([Pt])[Pt])([Pt])([Pt])[Pt],1,3,0,0,0,0,0,0,1,1,0,-5.336767433
C(C(CC[Pt])[Pt])(CC[Pt])([Pt])[Pt],0,2,0,0,2,1,0,0,1,0,0,-6.25344863
C(C(C(C[Pt])[Pt])[Pt])(CC[Pt])[Pt],0,1,0,0,2,3,0,0,0,0,0,-6.597098642
C(C(CC([Pt])[Pt])[Pt])(CC)([Pt])[Pt],1,2,0,0,0,1,0,1,1,0,0,-5.21946309
C(CC(C([Pt])([Pt])C)[Pt])([Pt])([Pt])C,2,1,0,0,0,1,0,0,2,0,0,-5.714493928
C(CCCCC([Pt])[Pt])([Pt])([Pt])[Pt],0,4,0,0,0,0,0,1,0,1,0,-5.267559095
C(CC[Pt])(CC(C[Pt])[Pt])([Pt])[Pt],0,2,0,0,2,1,0,0,1,0,0,-5.817110122
C(C(C(CC)([Pt])[Pt])[Pt])([Pt])([Pt])C,2,1,0,0,0,1,0,0,2,0,0,-4.77781871
C(CC(C(CC[Pt])[Pt])[Pt])([Pt])[Pt],0,2,0,0,1,2,0,1,0,0,0,-5.879306055
C(CC(C[Pt])[Pt])(CC([Pt])[Pt])[Pt],0,2,0,0,1,2,0,1,0,0,0,-5.974937585
C(CC(C([Pt])C)([Pt])[Pt])([Pt])([Pt])C,2,1,0,0,0,1,0,0,2,0,0,-5.183240487
C(C(CC(CC)[Pt])[Pt])([Pt])([Pt])[Pt],1,2,0,0,0,2,0,0,0,1,0,-4.924718807
C(C(CC)[Pt])(CC([Pt])[Pt])([Pt])[Pt],1,2,0,0,0,1,0,1,1,0,0,-4.764925988
C(C(C([Pt])[Pt])[Pt])(CCC)([Pt])[Pt],1,2,0,0,0,1,0,1,1,0,0,-3.720479225
C(C[Pt])(CC(CC)([Pt])[Pt])([Pt])[Pt],1,2,0,0,1,0,0,0,2,0,0,-4.741906582
C(CC)(CC(C([Pt])[Pt])[Pt])([Pt])[Pt],1,2,0,0,0,1,0,1,1,0,0,-4.892540993
C(CC(CCC[Pt])[Pt])([Pt])([Pt])[Pt],0,3,0,0,1,1,0,0,0,1,0,-4.844360567
C(C(C(CCC[Pt])[Pt])[Pt])([Pt])[Pt],0,2,0,0,1,2,0,1,0,0,0,-5.111061567
C(CCC(C(C[Pt])[Pt])[Pt])([Pt])[Pt],0,2,0,0,1,2,0,1,0,0,0,-5.289557692
C(C(C[Pt])[Pt])(CCC[Pt])([Pt])[Pt],0,2,0,0,2,1,0,0,1,0,0,-5.251738367
C(C([Pt])([Pt])[Pt])(CCCC)([Pt])[Pt],1,3,0,0,0,0,0,0,1,1,0,-2.106318263
C(CC(CCC)([Pt])[Pt])([Pt])([Pt])[Pt],1,3,0,0,0,0,0,0,1,1,0,-2.953808758
C(C(CCC[Pt])[Pt])(C[Pt])([Pt])[Pt],0,2,0,0,2,1,0,0,1,0,0,-4.720798687
C(CC[Pt])(CC(C([Pt])[Pt])[Pt])[Pt],0,2,0,0,1,2,0,1,0,0,0,-4.729764387
C(C(CCCC[Pt])[Pt])([Pt])([Pt])[Pt],0,3,0,0,1,1,0,0,0,1,0,-3.921173485
C(C[Pt])(CCCC([Pt])[Pt])([Pt])[Pt],0,3,0,0,1,0,0,1,1,0,0,-3.859848653
C(CCC[Pt])(CC([Pt])[Pt])([Pt])[Pt],0,3,0,0,1,0,0,1,1,0,0,-3.832845712
C(CC(CCC([Pt])[Pt])[Pt])([Pt])[Pt],0,3,0,0,0,1,0,2,0,0,0,-3.634416693
C(CCC([Pt])[Pt])(CC[Pt])([Pt])[Pt],0,3,0,0,1,0,0,1,1,0,0,-3.241405445
C(CCCCC([Pt])([Pt])[Pt])([Pt])([Pt])[Pt],0,4,0,0,0,0,0,0,0,2,0,-6.675256322
C(CCCC(C[Pt])([Pt])[Pt])([Pt])([Pt])[Pt],0,3,0,0,1,0,0,0,1,1,0,-5.473301502
C(CCC(CC([Pt])[Pt])[Pt])([Pt])([Pt])[Pt],0,3,0,0,0,1,0,1,0,1,0,-5.236105077
C(CCC(C(C[Pt])[Pt])[Pt])([Pt])([Pt])[Pt],0,2,0,0,1,2,0,0,0,1,0,-5.204395805
C(C(C(C([Pt])C)([Pt])[Pt])[Pt])([Pt])([Pt])C,2,0,0,0,0,2,0,0,2,0,0,-5.095597305
C(C(C(CC)([Pt])[Pt])[Pt])(C[Pt])([Pt])[Pt],1,1,0,0,1,1,0,0,2,0,0,-4.717812635
C(C(C(C(CC)[Pt])[Pt])[Pt])([Pt])([Pt])[Pt],1,1,0,0,0,3,0,0,0,1,0,-4.162494793
C(C(CC)[Pt])(C(C([Pt])[Pt])[Pt])([Pt])[Pt],1,1,0,0,0,2,0,1,1,0,0,-4.096859218
C(CC(C([Pt])([Pt])C)([Pt])[Pt])([Pt])([Pt])C,2,1,0,0,0,0,0,0,3,0,0,-4.301776628
C(CC(CCC([Pt])[Pt])[Pt])([Pt])([Pt])[Pt],0,3,0,0,0,1,0,1,0,1,0,-5.994916312
C(C(C(C([Pt])([Pt])C)[Pt])[Pt])([Pt])([Pt])C,2,0,0,0,0,2,0,0,2,0,0,-4.614447935
C(CC(CC(C[Pt])[Pt])[Pt])([Pt])([Pt])[Pt],0,2,0,0,1,2,0,0,0,1,0,-4.871115083
C(C(CC[Pt])([Pt])[Pt])(CC[Pt])([Pt])[Pt],0,2,0,0,2,0,0,0,2,0,0,-4.61158184
C(C(CC)([Pt])[Pt])(CC([Pt])[Pt])([Pt])[Pt],1,2,0,0,0,0,0,1,2,0,0,-3.657338298
C(CC(C(C(C[Pt])[Pt])[Pt])[Pt])([Pt])[Pt],0,1,0,0,1,3,0,1,0,0,0,-5.105046565
C(C(C(C([Pt])[Pt])[Pt])[Pt])(CC[Pt])[Pt],0,1,0,0,1,3,0,1,0,0,0,-5.103627598
C(CC(C(CC)([Pt])[Pt])[Pt])([Pt])([Pt])[Pt],1,2,0,0,0,1,0,0,1,1,0,-3.737180578
C(C(C(C([Pt])C)[Pt])([Pt])[Pt])([Pt])([Pt])C,2,0,0,0,0,2,0,0,2,0,0,-4.235089732
C(C(C(C[Pt])[Pt])([Pt])[Pt])(CC)([Pt])[Pt],1,1,0,0,1,1,0,0,2,0,0,-3.9097048
C(CC(C(CC[Pt])[Pt])[Pt])([Pt])([Pt])[Pt],0,2,0,0,1,2,0,0,0,1,0,-4.299292952
C(CCC(CC[Pt])([Pt])[Pt])([Pt])([Pt])[Pt],0,3,0,0,1,0,0,0,1,1,0,-4.125652717
C(C([Pt])[Pt])(CC(CC[Pt])[Pt])([Pt])[Pt],0,2,0,0,1,1,0,1,1,0,0,-4.676933625
C(C(C(CCC)([Pt])[Pt])[Pt])([Pt])([Pt])[Pt],1,2,0,0,0,1,0,0,1,1,0,-2.565120713
C(C(C(CC)([Pt])[Pt])([Pt])[Pt])([Pt])([Pt])C,2,1,0,0,0,0,0,0,3,0,0,-2.954593915
C(C(C(C([Pt])[Pt])[Pt])[Pt])(CC)([Pt])[Pt],1,1,0,0,0,2,0,1,1,0,0,-3.857053133
C(C[Pt])(CC(CC([Pt])[Pt])[Pt])([Pt])[Pt],0,2,0,0,1,1,0,1,1,0,0,-4.323751845
C(C(C([Pt])C)([Pt])[Pt])(C([Pt])C)([Pt])[Pt],2,0,0,0,0,2,0,0,2,0,0,-3.492502935
C(C([Pt])[Pt])(C(CCC[Pt])[Pt])([Pt])[Pt],0,2,0,0,1,1,0,1,1,0,0,-3.759494948
C(CC(C(CC([Pt])[Pt])[Pt])[Pt])([Pt])[Pt],0,2,0,0,0,2,0,2,0,0,0,-4.352942683
C(C([Pt])[Pt])(CC(CC)([Pt])[Pt])([Pt])[Pt],1,2,0,0,0,0,0,1,2,0,0,-3.354062457
C(C(C(CC)[Pt])([Pt])[Pt])(C[Pt])([Pt])[Pt],1,1,0,0,1,1,0,0,2,0,0,-2.875062127
C(C(CCC[Pt])([Pt])[Pt])(C[Pt])([Pt])[Pt],0,2,0,0,2,0,0,0,2,0,0,-3.707360375
C(C(CC(CC)([Pt])[Pt])[Pt])([Pt])([Pt])[Pt],1,2,0,0,0,1,0,0,1,1,0,-3.375648613
C(CC(C(CC)[Pt])([Pt])[Pt])([Pt])([Pt])[Pt],1,2,0,0,0,1,0,0,1,1,0,-2.737048822
C(C(C(CCC[Pt])[Pt])[Pt])([Pt])([Pt])[Pt],0,2,0,0,1,2,0,0,0,1,0,-3.550155227
C(C(CC([Pt])[Pt])[Pt])(CC[Pt])([Pt])[Pt],0,2,0,0,1,1,0,1,1,0,0,-3.813607627
C(C(C([Pt])[Pt])([Pt])[Pt])(CCC)([Pt])[Pt],1,2,0,0,0,0,0,1,2,0,0,-1.621099941
C(C([Pt])[Pt])(C(C(CC)[Pt])[Pt])([Pt])[Pt],1,1,0,0,0,2,0,1,1,0,0,-2.981249055
C(CC(C[Pt])[Pt])(CC([Pt])[Pt])([Pt])[Pt],0,2,0,0,1,1,0,1,1,0,0,-3.95714318
C(CCC(C(C([Pt])[Pt])[Pt])[Pt])([Pt])[Pt],0,2,0,0,0,2,0,2,0,0,0,-3.765268745
C(C(CC(CC[Pt])[Pt])[Pt])([Pt])([Pt])[Pt],0,2,0,0,1,2,0,0,0,1,0,-3.529829688
C(C(CCCC([Pt])[Pt])[Pt])([Pt])([Pt])[Pt],0,3,0,0,0,1,0,1,0,1,0,-2.99982694
C(C([Pt])[Pt])(CCCC([Pt])[Pt])([Pt])[Pt],0,3,0,0,0,0,0,2,1,0,0,-2.574327623
C(C(CC[Pt])[Pt])(CC([Pt])[Pt])([Pt])[Pt],0,2,0,0,1,1,0,1,1,0,0,-3.201614532
C(CC(CCC[Pt])([Pt])[Pt])([Pt])([Pt])[Pt],0,3,0,0,1,0,0,0,1,1,0,-2.09660611
C(C(C(CCC)[Pt])([Pt])[Pt])([Pt])([Pt])[Pt],1,2,0,0,0,1,0,0,1,1,0,-0.406820235
C(C(C[Pt])[Pt])(CCC([Pt])[Pt])([Pt])[Pt],0,2,0,0,1,1,0,1,1,0,0,-2.596449528
C(C(C([Pt])[Pt])[Pt])(CCC[Pt])([Pt])[Pt],0,2,0,0,1,1,0,1,1,0,0,-2.410292542
C(C(CCC([Pt])[Pt])[Pt])(C[Pt])([Pt])[Pt],0,2,0,0,1,1,0,1,1,0,0,-2.324905735
C(CCC([Pt])[Pt])(CC([Pt])[Pt])([Pt])[Pt],0,3,0,0,0,0,0,2,1,0,0,-1.998805272
C(C([Pt])([Pt])[Pt])(CCCC[Pt])([Pt])[Pt],0,3,0,0,1,0,0,0,1,1,0,-1.022333177
C(CC(C([Pt])[Pt])[Pt])(CC([Pt])[Pt])[Pt],0,2,0,0,0,2,0,2,0,0,0,-1.928936965
C(CC(CCC([Pt])([Pt])[Pt])[Pt])([Pt])([Pt])[Pt],0,3,0,0,0,1,0,0,0,2,0,-4.149677375
C(CCCC(C([Pt])([Pt])[Pt])[Pt])([Pt])([Pt])[Pt],0,3,0,0,0,1,0,0,0,2,0,-4.042268932
C(CC(C(C(C[Pt])[Pt])[Pt])[Pt])([Pt])([Pt])[Pt],0,1,0,0,1,3,0,0,0,1,0,-4.23141879
C(CCC(C(C([Pt])[Pt])[Pt])[Pt])([Pt])([Pt])[Pt],0,2,0,0,0,2,0,1,0,1,0,-3.711589122
C(CCC(C(C[Pt])([Pt])[Pt])[Pt])([Pt])([Pt])[Pt],0,2,0,0,1,1,0,0,1,1,0,-3.742271593
C(CC(CC(C[Pt])([Pt])[Pt])[Pt])([Pt])([Pt])[Pt],0,2,0,0,1,1,0,0,1,1,0,-2.920210943
C(CC(C(C(C([Pt])[Pt])[Pt])[Pt])[Pt])([Pt])[Pt],0,1,0,0,0,3,0,2,0,0,0,-3.53157926
C(C(C(C(CC)[Pt])([Pt])[Pt])[Pt])([Pt])([Pt])[Pt],1,1,0,0,0,2,0,0,1,1,0,-1.751496132
C(CC(C(CC([Pt])[Pt])[Pt])[Pt])([Pt])([Pt])[Pt],0,2,0,0,0,2,0,1,0,1,0,-2.349663948
C(C(C(CCC([Pt])[Pt])[Pt])[Pt])([Pt])([Pt])[Pt],0,2,0,0,0,2,0,1,0,1,0,-2.548031687
C(CC(C(CC[Pt])([Pt])[Pt])[Pt])([Pt])([Pt])[Pt],0,2,0,0,1,1,0,0,1,1,0,-2.405152137
C(C(CC[Pt])([Pt])[Pt])(CC([Pt])[Pt])([Pt])[Pt],0,2,0,0,1,0,0,1,2,0,0,-2.071805815
C(C(C(C([Pt])C)([Pt])[Pt])([Pt])[Pt])([Pt])([Pt])C,2,0,0,0,0,1,0,0,3,0,0,-1.525863802
C(CC(C(CC)([Pt])[Pt])([Pt])[Pt])([Pt])([Pt])[Pt],1,2,0,0,0,0,0,0,2,1,0,-1.18768709
C(C(C(C([Pt])([Pt])[Pt])[Pt])[Pt])(CC)([Pt])[Pt],1,1,0,0,0,2,0,0,1,1,0,-1.76743953
C(CCC([Pt])([Pt])[Pt])(CC([Pt])[Pt])([Pt])[Pt],0,3,0,0,0,0,0,1,1,1,0,-1.816821725
C(C([Pt])[Pt])(CC(CC([Pt])[Pt])[Pt])([Pt])[Pt],0,2,0,0,0,1,0,2,1,0,0,-2.288903292
C(C(C(CC)([Pt])[Pt])([Pt])[Pt])(C[Pt])([Pt])[Pt],1,1,0,0,1,0,0,0,3,0,0,-1.118568771
C(C([Pt])[Pt])(C(CCC([Pt])[Pt])[Pt])([Pt])[Pt],0,2,0,0,0,1,0,2,1,0,0,-3.250365188
C(C([Pt])([Pt])[Pt])(CCCC([Pt])[Pt])([Pt])[Pt],0,3,0,0,0,0,0,1,1,1,0,-1.705736452
C(C(C(CC)[Pt])([Pt])[Pt])(C([Pt])[Pt])([Pt])[Pt],1,1,0,0,0,1,0,1,2,0,0,-0.356004465
C(C(C[Pt])([Pt])[Pt])(CCC([Pt])[Pt])([Pt])[Pt],0,2,0,0,1,0,0,1,2,0,0,-0.827443882
C(CCC(C(C[Pt])[Pt])([Pt])[Pt])([Pt])([Pt])[Pt],0,2,0,0,1,1,0,0,1,1,0,-2.893298108
C(CC(C(CC[Pt])[Pt])([Pt])[Pt])([Pt])([Pt])[Pt],0,2,0,0,1,1,0,0,1,1,0,-0.712496986
C(C(CC(CC([Pt])[Pt])[Pt])[Pt])([Pt])([Pt])[Pt],0,2,0,0,0,2,0,1,0,1,0,-0.60088397
C(C(C(C([Pt])([Pt])C)([Pt])[Pt])[Pt])([Pt])([Pt])C,2,0,0,0,0,1,0,0,3,0,0,0.611383702
C(CC(CCC([Pt])[Pt])([Pt])[Pt])([Pt])([Pt])[Pt],0,3,0,0,0,0,0,1,1,1,0,1.121055586
C(C(C(C([Pt])[Pt])[Pt])([Pt])[Pt])(CC)([Pt])[Pt],1,1,0,0,0,1,0,1,2,0,0,-0.167250809
C(CC(CC(C([Pt])[Pt])[Pt])[Pt])([Pt])([Pt])[Pt],0,2,0,0,0,2,0,1,0,1,0,0.335954083
C(C(C(C([Pt])[Pt])([Pt])[Pt])[Pt])(CC)([Pt])[Pt],1,1,0,0,0,1,0,1,2,0,0,1.434471927
C(C(C(CCC)([Pt])[Pt])([Pt])[Pt])([Pt])([Pt])[Pt],1,2,0,0,0,0,0,0,2,1,0,2.898129732
C(CC)(CC(C([Pt])([Pt])[Pt])([Pt])[Pt])([Pt])[Pt],1,2,0,0,0,0,0,0,2,1,0,1.839964192
C(CC(CC(C([Pt])([Pt])[Pt])[Pt])[Pt])([Pt])([Pt])[Pt],0,2,0,0,0,2,0,0,0,2,0,-1.889830512
C(CCC(C(C([Pt])[Pt])([Pt])[Pt])[Pt])([Pt])([Pt])[Pt],0,2,0,0,0,1,0,1,1,1,0,-1.598641222
C(CCC(C(C[Pt])([Pt])[Pt])([Pt])[Pt])([Pt])([Pt])[Pt],0,2,0,0,1,0,0,0,2,1,0,-1.424414992
C(CCCC(C([Pt])([Pt])[Pt])([Pt])[Pt])([Pt])([Pt])[Pt],0,3,0,0,0,0,0,0,1,2,0,-0.706501209
C(CC(C(C(C([Pt])[Pt])[Pt])[Pt])[Pt])([Pt])([Pt])[Pt],0,1,0,0,0,3,0,1,0,1,0,-1.601988742
C(CCC(C(C([Pt])([Pt])[Pt])[Pt])[Pt])([Pt])([Pt])[Pt],0,2,0,0,0,2,0,0,0,2,0,-0.264022339
C(CC(CCC([Pt])([Pt])[Pt])([Pt])[Pt])([Pt])([Pt])[Pt],0,3,0,0,0,0,0,0,1,2,0,0.155954305
C(CCC(C(C([Pt])[Pt])[Pt])([Pt])[Pt])([Pt])([Pt])[Pt],0,2,0,0,0,1,0,1,1,1,0,-0.093581592
C(CC(C(CC([Pt])([Pt])[Pt])[Pt])[Pt])([Pt])([Pt])[Pt],0,2,0,0,0,2,0,0,0,2,0,0.13963194
C(CC(C(CC[Pt])([Pt])[Pt])([Pt])[Pt])([Pt])([Pt])[Pt],0,2,0,0,1,0,0,0,2,1,0,0.376718065
C(CC(CC(C([Pt])[Pt])([Pt])[Pt])[Pt])([Pt])([Pt])[Pt],0,2,0,0,0,1,0,1,1,1,0,1.493528284
